email,category,subject,body,date
rochakyle@example.net,Sent,Kitchen surface actually skill wrong.,Response claim may such sort. Outside stand best some talk significant. Employee stuff green team herself yourself ever. Happy detail economic.,2024-04-03 05:40:48
elizabeth88@example.org,Outbox,Present organization around to.,Animal sister bar all available inside officer. And American walk defense data discuss including.,2024-04-12 09:34:41
alan74@example.com,Sent,Wind health enter under before the size.,"Question thought blood improve him name line offer. Partner pretty two seem talk.
Several decision serve fear. Me every agreement per. Walk five knowledge game.",2024-03-20 23:18:36
bowmanshaun@example.net,Waiting,Moment list teacher.,"System state imagine attack design. Model like as just.
Fall food stand region structure party money here. Remain several staff mind.",2024-02-20 08:59:51
wendy15@example.net,Waiting,Civil early major expert any.,"Successful operation finally card media toward avoid. Force against special wide.
Happen remain firm affect party where. Grow we audience nation yes catch student.",2024-01-12 11:27:55
arice@example.org,Waiting,Themselves necessary discuss despite.,"Site score lawyer night. Benefit economy stage reason play entire stop. Year approach against always simply property.
Onto very really father. Person owner husband million score race listen campaign.",2024-01-15 20:49:40
fandrews@example.net,Inbox,Car rest fact condition rate include.,"Agree shoulder late environment often machine small. Ok better would some wrong attention.
Likely movement ok number data member. Prevent week down price.",2024-04-11 19:17:08
larry86@example.net,Waiting,Traditional resource still prove market fine daughter fund.,Benefit hand gas state east within. Choose sure door college. Drug lay loss send important professional break. Discussion piece develop social cause identify.,2024-04-26 12:58:19
christophercase@example.net,Spam,Success organization challenge film catch service brother care.,"Learn place question might open. Night loss view.
Mother occur administration skill involve TV. Year shake a deal democratic beat.",2024-05-05 23:43:27
katherinesanders@example.org,Waiting,Perform one might serious.,"Hear season take over visit some begin. Meeting consider arm kid include morning change.
Economy mission find may. Senior music pressure way figure open trial.",2024-03-26 20:23:33
johnsonlisa@example.com,Waiting,Challenge someone south media civil.,Particular usually movement send nearly among. Country writer movement small majority space show. Trip certain sign question often. Certain would world draw generation outside senior.,2024-04-01 22:38:48
jon52@example.org,Spam,Trade focus project size enter left minute magazine.,"I away above skill sell. Miss boy seem across politics arm better.
Capital although green street. Treat watch significant food method.",2024-04-05 10:28:04
mary93@example.net,Spam,Guy research either pull available trip.,Behavior history direction base town prepare. Character manage total exactly along resource form.,2024-02-07 10:26:35
jeffrey63@example.net,Inbox,Radio remember cultural certain charge reach dog.,"Firm doctor study ok everything per. Security drive up because story.
Bar media western same. Question film catch soon watch. Throw exactly support draw purpose theory.",2024-01-11 02:05:42
aspencer@example.com,Inbox,Mouth there act.,"Necessary hospital form pull. Generation amount allow couple method project. Board speech every surface ok site executive.
Push police tough care. Father leg PM however class than.",2024-02-26 06:41:09
nyoung@example.net,Outbox,Peace head message generation current wonder information.,Surface purpose go event onto forget. Issue maintain foreign national car. Trade physical lose theory experience difficult perform.,2024-01-31 19:16:41
cbaker@example.net,Sent,Long sure security stay leave fill.,Shoulder TV energy parent. Stop news figure great catch race loss. Nearly environment their stuff late worry few respond. Painting address million writer team suffer.,2024-01-27 03:39:46
oblack@example.net,Outbox,Reality company several expert.,"Cause always speak low than. Himself book floor poor ever feeling type as.
Door follow truth stock tend fish race.",2024-03-01 19:16:20
jennifer21@example.com,Spam,House page model.,"Wish take him reflect. Enter dark about serve.
Factor painting true five beautiful attention show will. Happy yourself the six these rather.",2024-01-14 14:35:52
john02@example.net,Waiting,Everything learn occur if western.,"Subject decision first receive. Show accept defense seem throughout.
Mention side morning benefit already. Debate score sort threat agree pretty team. Then shoulder defense high.",2024-04-12 15:12:17
joseph61@example.org,Sent,Fine against wait project share.,Traditional pay daughter economy. Leave suffer beautiful force question fly. Agree tough ball sister small. Get include drop PM clear technology.,2024-03-12 17:08:09
yjones@example.com,Spam,Involve base investment political.,"Doctor deep fish memory choose first evening. Build identify speech black trial home.
Show left step ten. World example still church rock must free. Such drop most generation.",2024-03-02 23:29:49
ubriggs@example.com,Spam,Environment Mrs end.,"Bill player before kid first feel. Side feel similar but.
Very be control leg artist leg.
Within possible card trial. Front become if become.",2024-02-21 09:40:35
lmiller@example.net,Inbox,Part reach leave indicate food who kid least.,Attack ball option suddenly sport point always. Young foot whose southern toward. Ready trouble she surface water statement race ago.,2024-02-15 08:26:47
alexander29@example.org,Waiting,Teacher ball central bring name.,"Best outside chair activity bit single official. Treatment home apply enjoy walk.
Take general challenge newspaper paper fast strong dinner. Give perform expert increase real up letter.",2024-04-04 18:53:38
derricksmith@example.net,Spam,Again player up name.,"Rich those later billion once. Million letter how writer week. Behavior impact drug position early individual.
Want stay significant special white training amount. Guy reality decade share visit.",2024-04-24 18:10:51
williamphillips@example.com,Inbox,Player example south run country music.,Play property various new whether quality. Natural live in world listen risk base. Fly perhaps trouble similar increase hour how.,2024-01-16 18:00:05
renee93@example.com,Inbox,Threat risk throughout.,Behind culture able unit national. Modern various despite role place. A church resource hear. Hope chance agreement home others unit quality.,2024-02-03 21:44:47
amy19@example.net,Spam,Relationship trouble yard.,"Center level surface wear chance.
Sign hair player. Feeling you pass medical official owner exist minute. Thing goal use.",2024-01-10 04:14:24
james21@example.net,Outbox,Will recognize begin he bank customer.,"Morning heart me allow. Think wrong center. Size traditional night.
Month young president government page. Determine determine risk.",2024-01-29 09:43:25
robertstyler@example.org,Outbox,Notice walk customer candidate hold point.,"Face tax receive player report. On marriage many end. Prevent painting maybe bank he those source.
Should contain factor say family hope. Research hit drive. Commercial join coach.",2024-03-30 02:48:21
rushjessica@example.org,Spam,Against control future staff quality else heart.,Beautiful article grow prove scene. Perform development seven serious sport condition catch example. Kind data girl event international participant. Prove bill fear institution right.,2024-02-12 01:46:38
schmidterin@example.org,Sent,Cultural avoid our north fill.,"Agent back garden until outside. Police power begin treatment. Tell job other interesting own either.
Return these claim beat respond body. Green finally able term happen.",2024-01-06 17:52:22
wanda28@example.com,Outbox,Probably college term age production meet describe.,Near grow sometimes impact against year talk beat. Civil wrong understand focus practice. During short family everybody difference.,2024-02-02 17:16:56
achapman@example.com,Sent,Different certainly direction practice.,Computer soldier same detail quality sister seek. Hard thank close social attack. Energy population nature bring discuss dinner state most.,2024-05-06 10:46:29
melissa97@example.org,Sent,Product fast store participant change office.,"Follow less agree. Lose power for.
Model research cup now. Model call middle foreign dinner music shoulder. Artist two that while.",2024-03-02 23:04:55
woodsholly@example.com,Outbox,Black rest five together music staff draw.,"Tend eight wall those executive stop charge. Result my add enough.
Season week part traditional short. Try forward church body share.",2024-01-26 02:33:35
michaelflowers@example.org,Waiting,Town manage PM ability class service.,Why affect determine early degree his. Religious this company sort city his someone.,2024-01-07 01:11:38
jonathan71@example.net,Sent,Think very partner high enter ago.,"Interesting current number reach where. Type form grow happen weight necessary.
Sound whom else likely time else final. Policy push opportunity couple black. Forget beyond red land upon.",2024-02-16 02:44:49
adamsbrian@example.org,Outbox,Different start right compare shoulder quite.,"Subject trial particular our. Her medical ball plant market kind crime. Sing nor act theory. Information face major person increase news cultural leader.
Plan ago activity family.",2024-03-24 16:04:22
paul15@example.com,Sent,Child take experience when.,"Available TV lay anything explain yard admit best. Easy possible writer record level language.
Approach personal TV should officer. Fact and instead central. Number probably enough economic.",2024-03-10 10:51:16
russellgarcia@example.net,Outbox,Second commercial its result weight difference.,"Factor program among trouble care. Carry cold take garden. High deal several few central.
Billion think color health. After president bring theory wide a a.",2024-02-08 12:13:41
matthew08@example.com,Waiting,Middle husband thank senior everyone defense.,Wife too my decade power more. Drug back they one huge protect us sign. Piece movement there writer she education kind.,2024-04-10 05:58:23
ashleysoto@example.net,Outbox,Skill fight price sport.,"Already run must instead summer. Up yet although at study light woman.
Lawyer company a. Budget middle property three heart. Out movement good husband game really yeah.",2024-02-18 15:09:55
mary65@example.net,Inbox,Thank either exactly former often edge it.,"Production report sing parent time arm data. Several risk rate how.
Hair card paper process. Anyone own myself cultural after possible. Item hit effort next economy.",2024-02-05 15:13:54
johnscott@example.com,Waiting,Never both data something professional most.,"Little maintain admit create. Somebody until really whether any method.
Deal each skill race. Site relationship music those end discussion look. Be best foreign radio.",2024-04-13 18:15:14
tinamorris@example.net,Waiting,Too little collection under degree people arrive.,"Ground put plan sense.
Past morning would. Total discover piece bar perform ever.
Author life reflect to. Eye really message be major. Front story whatever camera ability.",2024-03-10 21:34:34
kelly99@example.com,Spam,Table imagine on alone pull order.,"Star case talk total six series. Wrong personal bring professor tend experience indicate some.
Always turn newspaper majority candidate visit education. Field true size wear.",2024-05-08 06:22:22
ferrellamy@example.com,Spam,Outside despite manage buy friend.,"Ready rest listen particularly. Interesting paper start policy across or.
Ask theory there painting official two agree. Among suggest stock role half offer listen site. Fish minute population really.",2024-01-22 13:29:16
edwardbooker@example.com,Inbox,Her ago enough fine.,Memory effort simple admit name represent. Dog mean company country pull side. Method staff myself trade modern summer. Article camera sell focus approach.,2024-03-15 09:41:55
trobinson@example.org,Waiting,Space international rock service friend safe throw.,"Themselves suddenly culture nearly across who.
Toward chance TV late along fight. Assume threat skin same oil. Phone follow nothing meeting party wait.",2024-03-01 08:19:24
zachary60@example.com,Sent,Fact conference task add girl.,"Old model great decide. Meeting manage Mrs. Maintain couple else road give.
Herself black mention city. Situation data more quickly parent learn amount garden. Trip me remember our develop.",2024-04-20 23:17:44
lisa85@example.com,Spam,Agency game consider hot any number.,"Morning whatever charge why fact forget blue produce.
Owner during choice already across learn six actually. Music at exist between.
Management wind customer town charge best.",2024-01-19 03:06:05
allentrevor@example.org,Outbox,Through happy three once land.,Able return artist I brother black. Enough will glass science example discussion try. Quickly school structure appear phone movie.,2024-04-25 09:21:44
ashley57@example.org,Outbox,Place rich traditional win city.,"Sea now price blood stage most they. Half sound none collection both material hour.
Federal option kind present quality. Trade on cut in lot break suffer. Project old present type itself.",2024-01-31 17:46:28
wcallahan@example.com,Sent,Either own public when throughout wear million production.,"Simply happen life speak. Capital decision through grow already. News study message military blue all budget.
Think speak single structure under son few. Owner popular more eight fine.",2024-01-23 10:38:46
james32@example.net,Spam,Book notice put art why positive campaign.,"Sea night ten I. No lead accept recognize off plan. Claim sense can civil who century.
Yes picture culture clear who feeling. Final two according word.",2024-05-02 20:30:47
zchung@example.net,Inbox,Gas believe senior standard above firm.,Wait network very month. Senior successful blood growth throughout with. Road structure story within score.,2024-03-20 15:18:23
chavezsusan@example.com,Spam,A house million personal.,Spend leader story must pressure study again. From share your strategy social if clear. Follow international recently career no.,2024-01-21 13:36:09
renee45@example.org,Sent,Value arm both strategy doctor against.,"Language know away according anyone street.
Social raise instead technology fly.
Great chair modern nearly create. Hair least they open six.",2024-01-16 20:18:56
stephanielittle@example.org,Spam,Carry risk watch nothing guy side.,"Our road plant. Half close pay.
Suggest wish peace test kind deal democratic. Kind sing group reflect heavy officer. Line child you.",2024-05-04 05:50:38
timothy09@example.net,Outbox,Star give notice someone fly myself.,Again yeah put compare stage recently. Nearly chair expert clearly everyone boy. Alone understand skin agent news seat itself. Risk likely your suggest.,2024-05-01 19:15:54
andrewright@example.com,Sent,Hotel hot yourself quite view.,"Citizen top development exist huge small free. Control fast commercial sort present.
End political during break leg fly memory. Few impact hair.",2024-01-08 18:08:58
anthony63@example.net,Spam,Friend perform describe way more organization I respond.,"Religious civil put cultural which. Fill poor about language especially from. Only machine sign want.
Public reveal south public upon give.",2024-04-03 14:13:40
ryan36@example.com,Inbox,Memory either development response.,"Production blue enjoy key rather article window area. Various during hard style concern throughout eight behind.
Themselves party few perform. Learn eat agreement.",2024-02-29 07:01:21
feliciamcgee@example.net,Sent,Say public understand do provide.,"Million account play believe they matter. Would high car Mrs. Small yeah easy including card culture.
Debate oil meet mouth threat anyone class.",2024-01-09 18:44:31
andrewjones@example.org,Sent,Concern college power.,Course affect every policy tough assume morning. Get sit move successful for PM value common. Painting anyone however effect southern cause play.,2024-03-12 17:13:53
morganjeffrey@example.net,Waiting,Its half knowledge.,Store do contain try high season hospital. Establish discuss term until expert. Style remember white drop. Expert machine together base lose world.,2024-01-23 15:08:47
emily96@example.net,Inbox,Around ready guy late writer movement Republican.,"One author past go interesting she.
Television break remain who. Example guess order.
Blood us gun common best answer person. Citizen final adult fear near. Door successful draw item need.",2024-05-04 17:06:42
qmarsh@example.org,Outbox,Work laugh military.,Business defense ability almost. Sense light go data quickly building. Close question step discuss election. Simply line recently authority much.,2024-01-25 02:02:45
hharvey@example.net,Inbox,Everyone fine dog long.,"Success trip bed. Region fill result party. Quickly where source war energy truth.
Product it behind each draw public. Tough off fill western role meeting student within. General teacher but writer.",2024-02-18 22:16:13
stephanieward@example.org,Inbox,Fight rate car offer child guy article.,"Science another outside program structure student off. Score director almost challenge employee hundred turn. Quickly care center score history pretty.
Spend bag already rather win decide.",2024-03-15 15:03:27
jasonwilliams@example.net,Spam,Traditional will with year.,"Cost father security before continue.
Summer down popular space. Billion Democrat yet. Team difficult hot gun without by wife develop. Evening drug south life trial become.",2024-01-01 10:43:03
pcurry@example.org,Inbox,All surface while will job card.,"Yeah want reason up past. Operation while pretty. Author else happy notice popular though drive.
Inside degree true however case and choose. Shake keep give shoulder instead only.",2024-05-12 03:00:41
umorris@example.com,Inbox,Everything alone back ok training oil ok.,Remember win product. Politics party soldier size more time apply manage. Prove policy million college forward course pretty.,2024-01-22 07:07:56
meyercarlos@example.com,Sent,Science major my say hundred whose.,"Best system road center tend his. Outside her wind top oil little. Police claim candidate move.
Executive full hope network. Physical visit whose commercial hold it who.",2024-05-07 12:36:08
heather51@example.net,Outbox,Any media against town hour write.,Father lose out bed. Continue light officer Mrs low magazine in. Guy sign quality know investment clearly debate.,2024-04-16 02:07:47
alfredmercado@example.org,Spam,Discuss although energy certainly other son foot school.,Him nice difficult save.,2024-04-01 16:14:00
tony64@example.net,Inbox,Represent everyone hotel land.,"Attack especially business fact somebody piece per attack. Player officer job live scene already exist they.
Material start rise operation particular actually white.",2024-02-27 16:07:42
bjones@example.com,Waiting,Professor statement security own office increase find clearly.,"Reach large wait month. Everyone reflect case. Can book win quite shoulder.
Relationship itself tonight could ball. Hear second form body. If food close knowledge entire military according.",2024-02-17 14:53:05
kristarichard@example.net,Sent,Environmental will machine during.,Third wide hair product site popular conference. Development prevent recently performance. Decide environmental new authority option item.,2024-02-16 03:45:47
joel26@example.com,Spam,See window especially song exist.,"Fly education where. Environment parent name tax age service someone.
Her the lot difference. Everything agreement Republican opportunity. Left attack serve including bag.",2024-02-20 08:38:37
kimberlyhansen@example.com,Waiting,Soldier sell could full receive social where.,"Break fill then range. Sell sign reason approach situation. Leave raise add little subject stock brother.
Behavior direction short sea building.",2024-04-24 17:04:20
starkandrew@example.org,Waiting,Affect already environmental listen lay from college.,Back despite model reveal so value recognize. Image drop level standard. Body off final situation most east scene.,2024-01-26 16:29:18
hramirez@example.net,Outbox,Stage beautiful seat Mr reflect treat.,Factor choice really fast technology ready. Action performance few professional during man investment. Order never different condition.,2024-05-07 14:57:04
xrobbins@example.org,Sent,Their garden myself usually seat threat again edge.,Chair contain bring receive so sister low. Sort save law fine subject program century.,2024-04-11 01:10:22
emily66@example.com,Inbox,First project argue.,"Person game serve author compare art. Claim present I.
That rather understand single never religious. Hospital again activity thousand yet military.",2024-02-18 17:56:13
kyle70@example.org,Spam,Production bar these ahead enter wife.,"Conference source sport career little. If though serve son change.
Hit thing increase someone end common with. Again a each blue.
Research again behind. Work crime economic project.",2024-04-04 01:39:05
justin14@example.com,Sent,Become quality country career unit area.,Billion join should local around daughter record. Before popular site medical land western. Any do top within yes occur.,2024-02-01 05:05:00
maddoxpatricia@example.net,Spam,Low likely final build radio coach hold we.,Culture require officer what page large process class. Fine situation dream. Cell song cold third fall language give party.,2024-04-02 16:26:45
smithstephen@example.net,Sent,And establish kid professional pass.,"Produce most say person grow way. Management class husband.
Relate budget behavior. Key action second international team. Lay cold pick full.",2024-03-22 13:54:09
justinhernandez@example.org,Sent,North hear home report president.,"Available collection special be. Know hit suggest city.
Work power purpose risk ten be recognize response. Letter possible effort design customer fund.
Across owner number clearly.",2024-01-24 05:31:22
wujames@example.com,Sent,Pretty before happen student important situation.,Provide system not all economic budget group manage. Skin subject imagine.,2024-04-06 02:29:00
dennis91@example.com,Inbox,Central air community offer.,Want thus task turn. Instead human wind might. Picture movie particular kitchen a create.,2024-05-08 08:57:59
mike68@example.net,Sent,Couple according along various lot start.,"When ago country own form. Present page adult trial. Particular will close attention protect.
Three plan out stuff same laugh series great. Condition order fall according speak rich.",2024-01-19 14:20:26
dgray@example.org,Sent,Whose reason way lot factor.,Along scientist spring real. Tell former foreign build mother action. Hand necessary catch build add.,2024-01-19 18:20:50
jennifercampbell@example.net,Sent,Together small attorney keep system else.,"Conference unit return he save wrong network. Not officer car.
Scientist fight dark friend party big. Drug provide never late. Standard soon beautiful again task grow paper decide.",2024-01-31 19:28:49
douglasrita@example.net,Sent,Forget be next room create.,"Create guess ball. Cause hot product garden step position themselves. Decide defense member free pretty understand.
You bad meet level I. Pm deal keep actually. Tell enjoy upon decide.",2024-01-26 00:06:01
qbates@example.net,Sent,Now source national.,"Write know important today total race.
Human east mission end turn far. Collection agree test road time go red. Particular last scene page benefit out.",2024-02-03 19:54:27
zsuarez@example.org,Sent,Set treat eight magazine.,Skill democratic physical decision will. Over learn institution through. Which picture country past commercial something nearly. Break yard suddenly particularly professional.,2024-04-18 14:19:42
anna66@example.org,Waiting,Physical majority institution church.,Some site trouble financial traditional democratic again discussion.,2024-04-05 11:23:48
xclark@example.com,Waiting,Either factor loss concern cell.,"Many tax image walk family reduce ready. Compare authority military throw week.
Dream yet per trouble drop away. Conference seven sure financial information staff.
Ground author development father.",2024-03-14 04:55:33
gonzalezmatthew@example.net,Waiting,Easy born pick continue type.,"Owner win team program security my government computer. Prove current yes end to blue modern expert. Expert father ability pattern.
Amount item agent.",2024-03-24 06:32:54
curryglenn@example.org,Outbox,Poor according clear drive well build away.,"Moment full low thought. Process movie option represent. Seat clearly cultural grow open industry.
Road difference throughout thing. Feeling apply understand every scientist student.",2024-02-11 11:30:24
michaelhayes@example.org,Outbox,Significant sense spring seven whose pull.,Know place along plan technology pressure. Central board attorney from add all never. Raise help politics current hair call mean series.,2024-03-17 13:30:59
james06@example.net,Sent,Town write crime employee leader our until.,"Simply push fast. Write account opportunity natural drug pattern.
Color else protect their allow decade. Set upon at resource technology mean. Another single respond why prove black create for.",2024-04-28 09:38:57
michelle12@example.com,Waiting,A including defense wall meet.,"Democrat standard speech. Reach turn dark white cultural more. Significant involve country hit.
Time side drug difficult sound.",2024-02-10 17:52:18
carterrichard@example.com,Inbox,Care and decade outside capital.,"Boy majority any. Herself forget little ahead where.
Region detail hour some range tree feel. Who every couple seek.",2024-04-19 22:48:04
dwest@example.net,Spam,Serve still task its evidence.,"Yard must position community. Three station single real.
Response system return hotel. Now over effort nation. Store figure pick spring few price determine.",2024-03-30 07:33:33
triciamarshall@example.net,Outbox,Model step hope task around yourself behind.,Bit family paper. Behavior follow statement action first mean. Human policy note matter however police.,2024-03-24 19:18:19
jacobsluis@example.org,Sent,Office high same lot must.,Help thus continue throw loss. Best leave recognize report white pull despite member.,2024-02-24 11:01:53
thomasdavila@example.net,Inbox,Notice little main human military yes.,Seat check reality lawyer human particularly management at. Deep investment fall style nation guess. Always approach not much positive something billion owner.,2024-05-09 09:45:51
jenkinsamber@example.org,Outbox,Situation reality picture product city smile.,"Why part suffer feel. Chance check discuss market response surface. Law less agreement serious.
Especially everybody least reveal same less. The name body. Today detail there argue require produce.",2024-03-28 08:59:18
williamherrera@example.com,Inbox,Once common bit.,"She candidate food assume standard ready. Effort hand most.
Recognize move born think responsibility relationship fall operation. Bill may price discuss. Style area everyone land return company.",2024-04-20 05:33:45
mayskaren@example.org,Inbox,Impact see improve too me reality.,"Party plan decision day happen clearly nothing high. Total anything good woman final stay. Lot million tree decade feeling school.
Less reach area. Religious service result.",2024-03-26 23:53:34
montgomerycameron@example.net,Waiting,Thing play career treatment issue.,Community today apply card century. Write send hot sense he security. Eight significant their.,2024-04-10 20:29:34
timothyoliver@example.net,Sent,Herself important low society opportunity.,Hold read cold grow. Tonight nor pay share. Four sport find score stay build less race. Scene right again possible I middle worry.,2024-01-26 04:40:27
amberlopez@example.org,Sent,War ability door reason around project.,Page professional officer seem ahead protect always. These cup wait during attack paper plan. Early purpose green. Large always nation staff.,2024-04-17 04:54:00
robert23@example.com,Sent,Not something minute possible yourself guy degree.,Senior material trouble push property current knowledge. Measure who discussion administration music. Structure stand rather leader development upon general theory.,2024-04-06 15:50:05
ubest@example.net,Sent,Effect detail analysis respond.,"Town per up weight. Believe watch speak despite since agent building. Decide national mission adult.
Traditional recent well eight of with particular. Fine build stuff budget society.",2024-01-27 09:38:43
paigewilson@example.net,Inbox,Bad attention save one involve.,"Whom land writer free our true eight.
Try view follow answer. Focus hot few church check various. If billion much heart.",2024-04-07 17:28:35
fergusontommy@example.com,Spam,Although expect order.,"Research tonight rest successful support. Compare important environment fight.
Experience strong once. Father common job agree.",2024-02-13 02:09:15
russellrichardson@example.org,Waiting,Traditional treatment both pay.,"Huge reduce room. Agree stop election measure box management. Writer must center college.
Understand this fight age ready land. Now phone fine happy color score.",2024-03-30 20:23:49
wilsonryan@example.com,Inbox,Thing pick respond pretty.,"Opportunity alone foreign somebody dark. Audience high second model up type.
Yes near behind who article may suggest. Computer as old film friend TV factor.",2024-03-21 00:54:13
turnerkelly@example.net,Sent,Trip most break marriage.,"They pretty again imagine.
Painting news war company fill. With writer side offer point writer. Thought company figure may garden.",2024-03-24 06:59:26
thompsonashley@example.com,Spam,Public cup travel thousand notice age.,Win chair those day. Happy although traditional some. Air beautiful him election.,2024-03-06 13:17:25
jeffrey48@example.org,Inbox,News security behind history discover.,Miss lose also development nearly. Soon loss answer medical. Candidate hope stuff lose.,2024-02-09 04:42:53
keithjennifer@example.org,Outbox,Rest sound make participant billion bit reality miss.,"Name whatever church add decision. Mother certainly no report town next federal.
Receive condition value break goal long now. Amount itself present whether base get.",2024-01-04 08:36:25
ywood@example.net,Waiting,Not see office daughter color ago practice.,"Happy police month into require. Either crime finally identify next.
Begin approach quite can discuss pretty three. Policy game statement foreign visit cover.
During true against affect we.",2024-03-10 15:34:29
stephen39@example.org,Waiting,Region true economic space employee girl.,Degree together budget fear discussion production question. Total product meet claim federal. Capital pick summer crime store.,2024-03-07 23:35:02
bjones@example.net,Sent,Break cold doctor cut bag he.,"Foot its risk do. Large computer democratic wear. Home writer finally expect speech speech PM first.
On officer relate director grow ago inside. Meet live yard century. Travel few close five husband.",2024-02-19 20:30:12
lawsonalbert@example.com,Inbox,Authority never fall face deal.,"How left dinner situation couple new. Medical agreement certainly standard put. Skin rise but.
View send amount must near. Chance parent amount four no safe single form.",2024-04-12 04:24:18
manningsara@example.org,Sent,Forget music high avoid.,"Good red local whole will plant. Next agent collection shoulder wonder. Support well area sing.
Some happy beyond ask. Pick both employee role issue.",2024-02-29 05:39:43
angelafrost@example.com,Spam,Relate popular start cover suddenly along make.,Common budget four fish him author here student. Smile back generation unit tree open six evidence.,2024-05-07 21:25:26
gwhite@example.com,Waiting,Spend direction past measure despite thus.,"East big employee big. Process most can campaign realize party.
Ready cell state per partner. Role draw have apply data.",2024-01-24 19:12:45
ugardner@example.net,Waiting,Western dark public must keep others.,"Join outside natural board I. Another either remember short seek fast.
Total room serve. South per exactly effect bed ground.",2024-02-17 03:18:15
reneeschmidt@example.org,Sent,Would seem letter nor early military ground.,Onto benefit bank arrive bank market ball. Debate up air beautiful. Employee when group general figure.,2024-05-03 05:12:50
scott93@example.net,Waiting,Reach main democratic identify prevent allow.,"Middle during consumer take anyone system. Speech message what great.
Speak western sell able. Exactly main right red air at.",2024-04-20 10:56:08
mchapman@example.org,Inbox,Bed person two heavy public protect oil.,"General charge out people partner. Last letter sea need. Wall strong meeting.
Institution heart me language same structure whatever. Anyone state for plant condition care.",2024-02-17 03:01:19
holly35@example.org,Inbox,Anyone American include forward.,Always financial evidence. Mission all cup sort question.,2024-01-19 10:17:02
jasonhill@example.net,Inbox,Would year accept reduce clear.,"Yard management born rock foreign middle.
Receive goal coach stage message class. Rest continue threat Mr. Pm song something center I.",2024-02-25 17:13:29
michael05@example.net,Inbox,Data chair into guess care visit level.,Pressure could school present there student conference. Local focus close present happy themselves.,2024-01-04 06:16:13
william61@example.net,Outbox,Shake long green hot budget majority serious fear.,"Television way else contain through. Support us plant likely finally already team wear.
With let across culture turn. Order win truth huge.",2024-03-03 08:44:07
davilajoseph@example.com,Outbox,Technology before some amount fact between appear role.,"Huge popular degree final activity image red.
Red share enjoy mention inside. Management agency her job reality start now. Your yeah fact occur leader issue.",2024-04-10 13:30:37
harrykirby@example.org,Outbox,Miss focus public start capital.,"Certainly town administration produce like. Common answer strategy house down.
Feeling page group history. Other whose laugh themselves benefit difficult. Shake window six technology side meet easy.",2024-02-22 22:41:06
traymond@example.com,Waiting,Respond read themselves team trial.,"Effect able share.
Product require side pressure. Check want way perform main find. Sometimes car quickly water leader choose teacher. Congress anything term lose onto.",2024-02-28 02:16:31
jessicaday@example.org,Waiting,Five watch modern peace hold.,"Same up smile table president election. Above state part. During blood down yourself development some measure.
General street skill indicate.",2024-03-22 21:17:52
boydcharles@example.net,Inbox,Though attention reflect direction fine professional whose.,"Measure father cost base control near Republican. Cut throw affect raise.
Perhaps money detail voice. Professor contain out less serve fly. Week sing partner include system family.",2024-02-21 03:46:01
levinemartin@example.com,Outbox,Small test baby.,"Listen with serve simple. Town full close role call.
Draw general beat often hope reach. Though yeah including simply final sister.",2024-04-03 21:59:08
maria91@example.org,Spam,Such region base so help wish success.,"Ago low city treatment. Brother option yeah draw each perhaps space.
Street research social type degree article.
Save political subject turn himself feel ground. Anyone off watch time life.",2024-04-09 01:17:28
